# Yale Bright Star Catalogue, 5th revised ed. (Hoffleit & Warren 1991, CDS V/50), stars to V=5.0.
# HR,RA J2000 deg,Dec J2000 deg,Vmag
3,1.3337,-5.7075,4.61
15,2.0971,29.0906,2.06
21,2.2946,59.1497,2.27
25,2.3529,-45.7475,3.88
33,2.8163,-15.4681,4.89
39,3.3092,15.1836,2.83
45,3.6508,20.2067,4.80
48,3.6600,-18.9328,4.44
63,4.2729,38.6817,4.61
68,4.5821,36.7853,4.52
74,4.8571,-8.8239,3.56
77,5.0179,-64.8747,4.23
98,6.4379,-77.2542,2.80
99,6.5708,-42.3061,2.39
100,6.5508,-43.6800,3.94
105,6.9821,-33.0072,4.81
123,7.9433,54.5222,4.73
125,7.8542,-48.8036,4.77
126,7.8863,-62.9581,4.37
127,7.8900,-62.9658,4.54
130,8.2500,62.9317,4.16
153,9.2429,53.8969,3.66
154,9.2204,33.7194,4.36
163,9.6387,29.3117,4.37
165,9.8321,30.8608,3.27
168,10.1271,56.5372,2.23
179,10.5162,50.5125,4.80
180,10.3317,-46.0850,4.59
184,10.8671,47.0247,4.94
188,10.8975,-17.9867,2.04
191,10.8383,-57.4631,4.36
193,11.1812,48.2844,4.54
194,11.0475,-10.6094,4.76
215,11.8346,24.2672,4.06
219,12.2750,57.8158,3.44
223,12.2088,50.9683,4.89
224,12.1708,7.5850,4.43
226,12.4533,41.0789,4.53
244,13.2671,61.1242,4.82
248,13.2521,-1.1442,4.77
253,13.7504,58.9728,4.83
264,14.1771,60.7167,2.47
265,14.1658,59.1811,4.63
269,14.1883,38.4994,3.87
271,14.3017,23.4175,4.42
280,14.6517,-29.3575,4.31
285,17.1863,86.2569,4.25
294,15.7358,7.8900,4.28
322,16.5208,-46.7186,3.31
334,17.1475,-10.1822,3.45
335,17.3758,47.2419,4.25
337,17.4329,35.6206,2.06
338,17.0963,-55.2458,3.92
343,17.7758,55.1497,4.33
351,17.8633,21.0347,4.66
352,17.9150,30.0897,4.51
360,18.4371,24.5836,4.65
370,18.7963,-45.5314,4.96
377,18.9421,-68.8761,4.86
382,20.0204,58.2317,4.98
383,19.8667,27.2642,4.76
390,20.5850,45.5289,4.88
399,21.4833,68.1300,4.74
402,21.0058,-8.1833,3.60
403,21.4542,60.2353,2.68
412,21.4050,-14.5989,4.90
417,21.9142,45.4067,4.83
424,37.9529,89.2642,2.02
429,22.0913,-43.3183,3.41
434,22.5463,6.1439,4.84
437,22.8708,15.3458,3.62
440,22.8129,-49.0728,3.95
442,23.4829,59.2319,4.71
458,24.1992,41.4056,4.09
464,24.4983,48.6283,3.57
469,24.8375,44.3861,4.98
472,24.4288,-57.2367,0.46
477,25.1450,40.5769,4.94
483,25.4467,42.6136,4.95
489,25.3579,5.4875,4.44
496,25.9150,50.6886,4.07
500,25.6812,-3.6903,4.99
509,26.0171,-15.9375,3.50
510,26.3483,9.1578,4.26
531,27.3962,-10.6864,4.67
539,27.8650,-10.3350,3.73
542,28.5987,63.6700,3.38
544,28.2704,29.5789,3.41
545,28.3825,19.2958,4.83
546,28.3825,19.2936,4.75
548,29.0000,68.6853,4.99
549,28.3887,3.1875,4.62
553,28.6600,20.8081,2.64
555,28.4117,-46.3025,4.41
565,29.1675,-22.5269,4.85
566,28.9896,-51.6089,3.70
569,29.4821,23.5961,4.79
570,28.7337,-67.6472,4.69
574,29.2917,-47.3850,4.83
575,30.4892,70.9069,4.54
580,30.8587,72.4214,3.98
585,30.0013,-21.0778,4.00
591,29.6925,-61.5697,2.86
596,30.5117,2.7636,4.33
603,30.9750,42.3297,2.26
604,30.9779,42.3308,4.84
612,31.1225,-29.2969,4.69
617,31.7933,23.4625,2.00
620,32.1221,37.8592,4.82
622,32.3858,34.9872,3.00
623,32.3554,25.9397,4.98
642,33.0929,30.3031,4.94
643,33.3054,44.2317,4.83
649,33.2500,8.8467,4.37
660,34.2633,34.2242,4.87
664,34.3287,33.8472,4.01
674,34.1275,-51.5122,3.56
681,34.8362,-2.9775,3.04
699,36.4058,50.2786,4.71
705,35.4371,-68.6594,4.09
707,37.2667,67.4025,4.52
708,36.4875,-12.2906,4.89
718,37.0396,8.4600,4.28
721,36.7463,-47.7039,4.25
740,38.0217,-15.2447,4.75
749,38.4612,-28.2325,4.90
754,38.9688,5.5933,4.86
779,39.8708,0.3286,4.07
781,39.8908,-11.8722,4.84
788,40.5621,40.1939,4.91
789,39.9500,-42.8917,4.75
794,40.1667,-39.8556,4.11
799,41.0500,49.2283,4.12
801,40.8629,27.7072,4.66
804,40.8250,3.2358,3.47
806,39.8975,-68.2669,4.11
811,41.0308,-13.8586,4.25
813,41.2354,10.1142,4.27
818,41.2758,-18.5725,4.47
824,41.9771,29.2472,4.51
834,42.6742,55.8956,3.76
837,41.3858,-67.6167,4.84
838,42.4958,27.2606,3.63
840,42.6463,38.3186,4.23
841,42.2725,-32.4058,4.46
843,42.8783,35.0597,4.53
850,42.7596,-21.0042,4.75
854,43.5646,52.7625,3.95
868,43.4704,-49.8903,4.00
872,42.6187,-75.0669,4.75
874,44.1071,-8.8981,3.89
879,44.6904,39.6628,4.70
882,44.7654,35.1831,4.93
887,44.8029,21.3403,4.63
888,44.8029,21.3403,4.63
896,44.9288,8.9075,4.70
897,44.5654,-40.3047,3.24
898,44.5679,-40.3044,4.35
909,44.6992,-64.0714,4.99
911,45.5700,4.0897,2.53
915,46.1992,53.5064,2.93
918,46.3850,56.7058,4.76
919,45.5979,-23.6244,4.09
921,46.2942,38.8403,3.39
932,47.9846,74.3936,4.87
936,47.0421,40.9556,2.12
937,47.2667,49.6133,4.05
941,47.3742,44.8572,3.80
947,47.8225,39.6117,4.63
951,47.9075,19.7267,4.35
963,48.0179,-28.9869,3.87
972,48.7254,21.0444,4.89
984,48.9583,-8.8197,4.80
985,49.9975,65.6522,4.84
991,49.6825,34.2228,4.82
994,49.5921,-22.5114,4.88
996,49.8404,3.3703,4.83
999,50.0850,29.0483,4.47
1002,50.3604,43.3294,4.95
1003,49.8792,-21.7578,3.69
1008,49.9821,-43.0697,4.27
1017,51.0808,49.8611,1.79
1030,51.2033,9.0289,3.60
1034,52.0129,49.0628,4.98
1035,52.2671,59.9403,4.21
1038,51.7925,9.7328,3.74
1040,52.4787,58.8786,4.54
1044,52.3421,49.5089,4.67
1052,52.6438,47.9953,4.36
1066,52.7183,12.9367,4.11
1070,52.6546,-5.0753,4.73
1083,52.3446,-62.9375,4.72
1084,53.2325,-9.4583,3.73
1087,54.1225,48.1928,4.23
1088,53.4471,-21.6328,4.27
1101,54.2183,0.4017,4.28
1106,54.2737,-40.2747,4.58
1122,55.7313,47.7875,3.01
1123,55.5938,33.9650,4.97
1129,56.5096,63.3450,4.80
1131,56.0796,32.2883,3.83
1134,55.5621,-31.9383,5.00
1135,56.2983,42.5786,3.77
1136,55.8121,-9.7633,3.54
1142,56.2188,24.1133,3.70
1143,55.7088,-37.3136,4.59
1145,56.3021,24.4672,4.30
1148,57.5896,71.3322,4.63
1149,56.4567,24.3678,3.87
1155,57.3800,65.5261,4.47
1156,56.5817,23.9483,4.18
1162,56.5354,-12.1017,4.42
1165,56.8713,24.1050,2.87
1173,56.7121,-23.2497,4.23
1175,56.0500,-64.8069,3.85
1178,57.2904,24.0533,3.63
1190,57.1496,-37.6206,4.73
1195,57.3637,-36.2003,4.17
1203,58.5329,31.8836,2.85
1205,59.2846,61.1089,5.00
1208,56.8096,-74.2389,3.24
1212,58.5729,-2.9547,4.79
1213,58.4275,-24.6125,4.65
1220,59.4633,40.0103,2.89
1228,59.7413,35.7911,4.04
1231,59.5075,-13.5086,2.95
1239,60.1700,12.4903,3.47
1240,59.9813,-24.0164,4.66
1247,59.6863,-61.4003,4.56
1251,60.7892,5.9892,3.91
1256,61.1737,22.0819,4.36
1261,61.6458,50.3514,4.29
1264,60.2242,-62.1594,4.51
1266,60.3258,-61.0789,4.97
1273,62.1654,47.7125,4.04
1298,62.9663,-6.8375,4.04
1302,62.7108,-41.9936,4.93
1303,63.7246,48.4094,4.14
1306,63.7221,40.4836,4.71
1311,63.4850,9.2636,4.84
1318,63.5988,-10.2564,4.87
1320,63.8838,8.8922,4.29
1324,64.5608,50.2956,4.61
1325,63.8179,-7.6528,4.43
1326,63.5004,-42.2944,3.86
1329,64.3150,20.5786,4.94
1336,63.6062,-62.4739,3.35
1338,64.0067,-51.4867,4.25
1343,65.1025,34.5667,4.93
1346,64.9483,15.6275,3.65
1347,64.4737,-33.7983,3.56
1348,65.0888,27.3508,4.95
1350,65.3883,46.4989,4.85
1355,64.1204,-59.3019,4.44
1373,65.7338,17.5425,3.76
1380,66.0242,17.4439,4.80
1387,66.3421,22.2939,4.22
1389,66.3725,17.9281,4.29
1392,66.5771,22.8136,4.28
1393,66.0092,-34.0169,3.96
1394,66.5867,15.6183,4.49
1396,66.6517,14.7136,4.69
1407,67.1100,16.3597,4.97
1409,67.1542,19.1803,3.53
1411,67.1438,15.9622,3.84
1412,67.1654,15.8708,3.40
1427,67.6404,16.1939,4.78
1437,67.9696,-0.0439,4.91
1444,68.4621,14.8444,4.65
1453,68.3775,-29.7667,4.51
1454,69.1725,41.2647,4.25
1457,68.9800,16.5092,0.85
1458,68.9137,10.1608,4.25
1463,69.0796,-3.3525,3.93
1464,68.8875,-30.5622,3.82
1465,68.4992,-55.0450,3.27
1473,69.5396,12.5108,4.27
1479,69.8188,15.9181,4.69
1481,69.5450,-14.3039,3.87
1496,70.1104,-19.6717,4.32
1497,70.5613,22.9569,4.28
1502,70.1404,-41.8639,4.45
1520,71.3754,-3.2547,4.02
1533,72.4775,37.4883,4.88
1542,73.5125,66.3428,4.29
1543,72.4600,6.9614,3.19
1544,72.6529,8.9003,4.36
1551,73.1583,36.7031,4.78
1552,72.8017,5.6050,3.69
1556,73.1333,14.2506,4.74
1560,73.2237,-5.4528,4.39
1567,73.5629,2.4406,3.72
1568,74.3217,53.7522,4.47
1570,73.7242,10.1508,4.65
1577,74.2483,33.1661,2.69
1580,74.0929,13.5144,4.07
1592,74.8142,37.8903,4.94
1601,74.6371,1.7142,4.47
1603,75.8546,60.4422,4.03
1605,75.4921,43.8233,2.99
1611,74.9825,-12.5375,4.79
1612,75.6196,41.0758,3.75
1617,75.3596,-7.1739,4.81
1620,75.7738,21.5900,4.64
1621,75.3567,-20.0519,4.91
1637,76.6692,51.5978,5.00
1638,76.1421,15.4042,4.68
1641,76.6287,41.2344,3.17
1652,76.1017,-35.4833,4.55
1654,76.3654,-22.3711,3.19
1656,76.8625,18.6450,5.00
1666,76.9625,-5.0864,2.79
1674,76.3775,-57.4728,4.72
1676,77.4250,15.5972,4.82
1679,77.2867,-8.7542,4.27
1689,78.3571,38.4844,4.86
1696,78.0746,-11.8692,4.45
1698,78.3229,2.8611,4.46
1702,78.2329,-16.2056,3.31
1705,78.3079,-12.9414,4.36
1708,79.1725,45.9981,0.08
1713,78.6346,-8.2017,0.12
1726,79.5446,33.3717,4.54
1729,79.7854,40.0992,4.71
1735,79.4017,-6.8444,3.60
1739,79.8192,22.0964,4.94
1743,79.3713,-34.8953,4.83
1744,78.4392,-67.1853,4.83
1756,79.8937,-13.1767,4.29
1762,80.1121,-21.2394,4.71
1765,80.4404,-0.3825,4.73
1770,80.7083,3.5444,5.00
1773,81.1633,37.3856,4.99
1780,81.1058,17.3833,4.99
1784,80.9867,-7.8081,4.14
1788,81.1192,-2.3969,3.36
1789,81.1867,1.8464,4.95
1790,81.2829,6.3497,1.64
1791,81.5729,28.6075,1.65
1810,81.9087,21.9369,4.88
1811,81.7092,3.0956,4.59
1829,82.0613,-20.7594,2.84
1834,82.4333,-1.0922,4.71
1839,82.6963,5.9481,4.20
1843,83.1821,32.1919,4.76
1845,83.0533,18.5944,4.38
1852,83.0017,-0.2992,2.23
1855,82.9825,-7.3014,4.62
1862,82.8029,-35.4706,3.87
1865,83.1825,-17.8222,2.58
1876,83.7050,9.4894,4.41
1879,83.7846,9.9342,3.54
1887,83.7612,-6.0019,4.78
1892,83.8467,-4.8383,4.59
1899,83.8583,-5.9100,2.77
1903,84.0533,-1.2019,1.70
1907,84.2262,9.2906,4.09
1910,84.4113,21.1425,3.00
1922,83.4062,-62.4897,3.76
1931,84.6867,-2.6000,3.81
1934,84.7963,4.1214,4.57
1937,84.7212,-7.2131,4.80
1946,85.3238,16.5339,4.86
1948,85.1896,-1.9428,2.05
1949,85.1900,-1.9428,4.21
1952,85.2108,-1.1289,4.95
1956,84.9121,-34.0742,2.64
1963,85.6192,1.4747,4.91
1983,86.1158,-22.4483,3.60
1995,87.2938,39.1811,4.52
1998,86.7387,-14.8219,3.55
2002,87.2542,24.5675,4.86
2004,86.9392,-9.6697,2.06
2010,87.3871,12.6511,4.91
2011,87.7600,37.3056,4.74
2012,87.8725,39.1486,3.97
2015,86.1933,-65.7356,4.35
2020,86.8212,-51.0664,3.85
2029,88.7117,55.7069,4.99
2034,88.3317,27.6122,4.58
2035,87.8304,-20.8792,3.81
2037,88.1100,1.8550,4.78
2040,87.7400,-35.7683,3.12
2042,87.4571,-56.1667,4.51
2047,88.5954,20.2761,4.41
2056,88.2787,-33.8014,4.87
2061,88.7929,7.4069,0.50
2077,89.8817,54.2847,3.72
2084,89.4988,25.9539,4.82
2085,89.1013,-14.1678,3.71
2087,88.8746,-37.1208,4.97
2088,89.8821,44.9475,1.90
2091,89.9838,45.9369,4.26
2095,89.9304,37.2125,2.62
2102,88.5254,-63.0900,4.65
2106,89.3842,-35.2833,4.36
2113,90.0142,-3.0742,4.53
2120,89.7867,-42.8153,3.96
2124,90.5958,9.6475,4.12
2128,90.4600,-10.5981,4.95
2134,91.0300,23.2633,4.16
2135,90.9800,20.1383,4.63
2148,91.2462,-16.4844,4.93
2155,91.5387,-14.9353,4.67
2159,91.8929,14.7683,4.42
2198,93.0138,16.1306,4.95
2199,92.9850,14.2089,4.48
2209,94.7117,69.3197,4.80
2212,92.5746,-54.9686,4.81
2215,94.4783,61.5153,4.98
2216,93.7192,22.5067,3.28
2219,93.8446,29.4981,4.35
2227,93.7137,-6.2747,3.98
2238,94.9058,59.0108,4.48
2256,94.1379,-35.1406,4.37
2275,94.9983,-2.9444,4.90
2282,95.0783,-30.0633,3.02
2286,95.7400,22.5136,2.88
2289,96.2246,49.2881,4.91
2294,95.6750,-17.9558,1.98
2296,95.5283,-33.4364,3.85
2298,95.9421,4.5928,4.44
2326,95.9879,-52.6958,-0.72
2343,97.2408,20.2122,4.15
2356,97.2042,-7.0328,4.60
2361,97.0421,-32.5800,4.48
2385,98.2258,7.3331,4.50
2387,97.9637,-23.4183,4.33
2414,98.7642,-22.9647,4.54
2421,99.4279,16.3992,1.93
2427,99.8329,42.4889,4.79
2429,99.1708,-19.2558,3.95
2435,98.7442,-52.9756,4.39
2443,99.4725,-18.2375,4.43
2450,99.8196,-14.1458,4.82
2451,99.4404,-43.1961,3.17
2456,100.2446,9.8956,4.66
2462,99.6567,-48.2203,4.93
2470,101.5588,59.4417,4.87
2473,100.9829,25.1311,2.98
2478,100.9971,13.2278,4.49
2484,101.3225,12.8956,3.36
2491,101.2871,-16.7161,-1.46
2503,101.8325,8.0372,4.77
2506,101.9650,2.4122,4.47
2527,105.0167,76.9775,4.55
2538,102.4604,-32.5086,3.96
2540,103.1971,33.9611,3.60
2549,102.7183,-34.3672,4.99
2550,102.0475,-61.9414,3.27
2553,102.4842,-50.6147,2.93
2554,102.4637,-53.6222,4.40
2560,104.3188,58.4225,4.35
2564,103.6612,13.1778,4.65
2571,103.3871,-20.2242,4.83
2574,103.5475,-12.0386,4.07
2580,103.5329,-24.1839,3.87
2585,104.4046,45.0942,4.90
2590,103.9058,-20.1364,4.68
2593,104.0275,-14.0436,5.00
2596,104.0342,-17.0542,4.37
2608,104.0667,-48.7211,4.95
2618,104.6562,-28.9722,1.50
2646,105.4296,-27.9347,3.47
2648,105.7283,-4.2392,4.99
2650,106.0271,20.5703,3.79
2653,105.7562,-23.8333,3.02
2657,105.9396,-15.6333,4.12
2672,105.9737,-49.5839,4.93
2693,107.0979,-26.3933,1.84
2696,107.9138,39.3206,4.90
2697,107.7850,30.2453,4.41
2701,107.5571,-4.2372,4.92
2702,107.2129,-39.6558,4.83
2714,107.9663,-0.4928,4.15
2717,108.3429,16.1589,5.00
2736,107.1871,-70.4989,3.78
2740,108.1400,-46.7594,4.49
2742,112.7683,82.4114,4.96
2745,108.5633,-26.3525,4.66
2746,108.3058,-45.1831,4.89
2749,108.7029,-26.7728,3.85
2762,108.6592,-48.2717,4.76
2763,109.5233,16.5403,3.58
2764,109.1533,-23.3156,4.79
2766,109.1458,-27.8811,4.64
2773,109.2858,-37.0975,2.70
2777,110.0308,21.9822,3.53
2781,109.6679,-24.5589,4.98
2782,109.6767,-24.9542,4.40
2787,109.5767,-36.7342,4.66
2803,109.2075,-67.9572,3.98
2812,110.5562,-19.0167,4.96
2818,111.6783,49.2114,4.64
2821,111.4317,27.7981,3.79
2827,111.0238,-29.3031,2.45
2828,111.4121,9.2761,4.99
2845,111.7875,8.2894,2.90
2852,112.2779,31.7844,4.18
2854,112.0408,8.9256,4.32
2864,112.4492,12.0067,4.54
2874,112.4642,-23.0244,4.85
2878,112.3075,-43.3014,3.25
2881,112.6771,-30.9622,4.65
2890,113.6500,31.8886,2.88
2891,113.6500,31.8883,1.98
2902,113.4496,-14.5239,4.97
2905,113.9804,26.8958,4.06
2906,113.5133,-22.2961,4.45
2922,113.8450,-28.3694,4.64
2930,114.7913,34.5842,4.90
2934,113.9154,-52.5339,4.94
2937,114.3421,-34.9686,4.53
2943,114.8254,5.2250,0.38
2944,114.5750,-25.3647,4.70
2946,115.7517,58.7103,4.99
2948,114.7054,-26.8017,4.50
2949,114.7075,-26.8036,4.62
2959,115.0967,-15.2636,4.94
2961,114.8642,-38.3083,4.84
2970,115.3117,-9.5511,3.93
2973,115.8279,28.8836,4.28
2985,116.1117,24.3981,3.57
2990,116.3287,28.0261,1.14
2993,115.8850,-28.4111,4.59
2996,115.9521,-28.9547,3.96
3003,116.5308,18.5100,4.88
3017,116.3137,-37.9686,3.61
3024,115.4550,-72.6061,3.95
3034,117.0217,-25.9372,4.50
3045,117.3237,-24.8597,3.34
3046,117.0846,-47.0778,4.71
3055,117.3096,-46.3733,4.11
3067,118.3742,26.7658,4.97
3080,118.0542,-40.5758,3.73
3084,118.1613,-38.8631,4.49
3089,118.2654,-49.6131,4.63
3090,118.3258,-48.1031,4.24
3102,119.2146,-22.8800,4.20
3113,119.4171,-30.3347,4.79
3117,119.1946,-52.9822,3.47
3122,119.9338,-3.6797,4.93
3129,119.5600,-49.2450,4.41
3131,119.9667,-18.3992,4.61
3141,120.3054,-1.3925,4.68
3145,120.5662,2.3344,4.39
3149,120.8796,27.7942,4.94
3159,120.0833,-63.5675,4.82
3165,120.8963,-40.0033,2.25
3173,122.1142,51.5067,4.84
3185,121.8858,-24.3042,2.81
3188,122.1483,-2.9839,4.34
3192,122.2567,-19.2450,4.40
3206,122.3721,-47.3458,4.27
3207,122.3833,-47.3367,1.78
3211,122.8179,-12.9269,4.72
3220,122.2529,-61.3025,4.76
3223,121.9825,-68.6172,4.35
3225,122.8396,-39.6186,4.45
3226,122.8579,-42.9872,4.75
3229,123.3333,-15.7883,4.99
3237,123.3733,-35.8997,4.78
3243,123.5121,-40.3481,4.44
3249,124.1288,9.1856,3.52
3270,124.6388,-36.6594,4.45
3275,125.7088,43.1881,4.25
3282,125.3458,-33.0544,4.83
3294,125.6317,-48.4903,4.82
3307,125.6283,-59.5097,1.86
3314,126.4150,-3.9064,3.90
3318,124.6317,-76.9197,4.07
3323,127.5662,60.7181,3.36
3340,125.1604,-77.4844,4.35
3347,126.4342,-66.1369,3.77
3359,127.3650,-44.7250,4.99
3403,130.0533,64.3278,4.60
3410,129.4142,5.7036,4.16
3414,128.8317,-58.0092,4.86
3418,129.6892,3.3414,4.44
3426,129.4112,-42.9892,4.14
3431,130.0062,-12.4753,4.98
3433,129.9271,-29.5611,4.89
3438,130.0258,-35.3083,3.97
3441,130.4304,-15.9433,4.88
3445,130.1567,-46.6489,3.84
3447,130.0733,-52.9219,3.62
3449,130.8212,21.4686,4.66
3452,130.3046,-47.3169,4.77
3454,130.8063,3.3986,4.30
3457,130.1542,-59.7611,4.33
3459,130.9183,-7.2336,4.62
3461,131.1712,18.1542,3.94
3467,130.6062,-53.1139,4.86
3468,130.8979,-33.1864,3.68
3475,131.6742,28.7600,4.02
3477,131.1000,-42.6492,4.07
3482,131.6942,6.4189,3.38
3484,131.5938,-13.5478,4.32
3485,131.1758,-54.7083,1.96
3487,131.5071,-46.0417,3.91
3492,132.1083,5.8378,4.36
3498,131.6771,-56.7697,4.49
3518,132.6329,-27.7100,4.01
3520,132.4487,-45.3081,4.93
3547,133.8483,5.9456,3.11
3556,133.8812,-27.6819,4.89
3569,134.8017,48.0417,3.14
3571,133.7617,-60.6447,3.84
3572,134.6217,11.8578,4.25
3574,134.0808,-52.7236,4.69
3576,135.6362,67.6297,4.76
3579,135.1600,41.7828,3.97
3582,134.2433,-59.2294,4.92
3591,135.0225,-41.2539,4.45
3594,135.9062,47.1567,3.60
3612,136.6325,38.4522,4.56
3613,136.4933,5.0922,4.97
3614,136.0387,-47.0978,3.75
3615,135.6117,-66.3961,4.00
3616,137.5967,67.1347,4.80
3619,137.2179,51.6047,4.48
3624,137.7296,63.5136,4.67
3628,137.0121,-25.8583,4.58
3634,136.9992,-43.4325,2.21
3642,136.4096,-70.5389,4.71
3643,136.2867,-72.6028,4.48
3654,137.7683,-44.8681,5.00
3659,137.7417,-58.9669,3.44
3662,139.0471,54.0219,4.83
3663,137.8192,-62.3172,3.97
3665,138.5912,2.3142,3.88
3682,138.9029,-38.5700,4.94
3684,138.9379,-37.4133,4.62
3685,138.3000,-69.7172,1.68
3690,139.7113,36.8025,3.82
3696,139.0508,-57.5414,4.34
3699,139.2725,-59.2753,2.25
3705,140.2637,34.3925,3.13
3706,139.9433,-11.9750,4.79
3709,140.1208,-9.5558,4.80
3718,140.3733,-25.9656,4.72
3728,140.2367,-62.4047,4.81
3731,141.1637,26.1822,4.46
3733,140.8012,-28.8339,4.69
3734,140.5283,-55.0108,2.50
3748,141.8967,-8.6586,1.98
3749,141.8267,-22.3439,4.69
3751,144.2717,81.3264,4.29
3757,142.8821,63.0619,3.67
3759,142.2871,-2.7689,4.60
3765,142.3113,-35.9514,4.51
3771,143.6204,69.8303,4.56
3773,142.9300,22.9681,4.31
3775,143.2142,51.6772,3.17
3782,142.9863,11.2997,4.97
3786,142.6750,-40.4667,3.60
3787,142.9954,-1.1850,4.57
3799,143.7062,52.0514,4.50
3800,143.5558,36.3975,4.55
3803,142.8054,-57.0344,3.13
3809,143.7658,39.6214,4.81
3825,143.6112,-59.2294,4.08
3827,144.3029,6.8358,5.00
3834,144.6137,4.6492,4.68
3836,144.2067,-49.3553,4.35
3845,144.9642,-1.1428,3.91
3852,145.2875,9.8922,3.52
3856,144.8375,-61.3281,4.52
3858,145.3208,-23.5917,4.77
3862,145.5600,-23.9156,4.94
3871,146.0504,-27.7694,4.79
3873,146.4629,23.7742,2.98
3884,146.3117,-62.5078,3.69
3888,147.7475,59.0386,3.80
3890,146.7754,-65.0719,3.01
3894,148.0267,54.0644,4.59
3903,147.8696,-14.8467,4.12
3905,148.1908,26.0069,3.88
3912,147.9200,-46.5478,4.58
3919,148.5513,-25.9325,4.88
3923,148.7175,-19.0094,4.94
3940,149.2158,-54.5678,3.54
3950,150.0533,8.0442,4.70
3970,151.2812,-13.0647,4.60
3974,151.8575,35.2447,4.48
3975,151.8333,16.7628,3.52
3980,151.9762,9.9975,4.37
3981,151.9846,-0.3717,4.49
3982,152.0929,11.9672,1.35
3990,152.2346,-51.8111,4.86
3994,152.6471,-12.3542,3.61
4023,153.6842,-42.1219,3.85
4031,154.1725,23.4172,3.44
4033,154.2742,42.9144,3.45
4037,153.4342,-70.0381,3.32
4050,154.2708,-61.3322,3.40
4054,154.9338,19.4708,4.79
4057,154.9929,19.8417,2.61
4058,154.9942,19.8406,3.80
4063,154.9033,-55.0294,4.57
4069,155.5821,41.4994,3.05
4072,156.0329,65.5664,4.97
4074,155.2283,-56.0431,4.50
4080,155.5817,-41.6500,4.83
4089,155.7421,-66.9017,4.99
4090,156.4787,33.7961,4.74
4094,156.5225,-16.8364,3.81
4100,156.9708,36.7072,4.21
4102,156.0987,-74.0317,4.00
4104,156.7879,-31.0678,4.25
4110,156.8517,-57.6389,4.66
4112,157.6567,55.9806,4.84
4114,156.9696,-58.7394,3.82
4126,158.7729,75.7131,4.84
4132,158.3079,40.4256,4.75
4133,158.2029,9.3067,3.85
4134,157.8408,-53.7156,4.89
4138,157.5838,-71.9931,4.74
4140,158.0058,-61.6853,3.32
4142,157.7583,-73.2217,4.93
4159,158.8971,-57.5578,4.45
4162,159.3071,-27.4125,4.89
4163,159.3883,-13.3844,4.82
4166,159.6800,31.9761,4.71
4167,159.3254,-48.2258,3.84
4171,159.6458,-16.8767,4.91
4174,158.8671,-78.6078,4.11
4177,159.6879,-59.1831,4.66
4180,159.8267,-55.6033,4.28
4181,160.7671,69.0761,5.00
4196,160.5583,-64.4664,4.82
4199,160.7392,-64.3944,2.76
4200,160.8837,-60.5667,4.57
4205,161.0287,-63.9611,4.82
4216,161.6925,-49.4200,2.69
4222,161.7133,-64.3833,4.85
4232,162.4062,-16.1936,3.11
4234,161.4450,-80.5403,4.45
4247,163.3279,34.2150,3.83
4248,163.4946,43.1900,4.71
4257,163.3733,-58.8533,3.78
4259,163.9033,24.7497,4.50
4273,164.1796,-37.1378,4.60
4287,164.9437,-18.2989,4.08
4291,165.1400,3.6175,4.84
4293,165.0387,-42.2258,4.39
4294,165.1867,6.1014,4.99
4295,165.4604,56.3825,2.37
4299,165.4571,-2.4847,4.74
4300,165.5825,20.1797,4.42
4301,165.9321,61.7508,1.79
4310,166.2542,7.3361,4.63
4314,166.3329,-27.2936,4.94
4325,166.6350,-62.4242,4.61
4335,167.4158,44.4986,3.01
4337,167.1475,-58.9750,3.91
4343,167.9146,-22.8258,4.48
4352,168.1500,-60.3175,4.60
4357,168.5271,20.5236,2.56
4359,168.5600,15.4294,3.34
4362,168.8008,23.0956,4.63
4368,169.1654,-3.6517,4.47
4374,169.5454,31.5292,4.87
4375,169.5458,31.5292,4.41
4377,169.6196,33.0942,3.48
4380,169.7829,38.1856,4.78
4382,169.8354,-14.7786,3.56
4386,170.2842,6.0294,4.05
4390,170.2517,-54.4911,3.89
4392,170.7067,43.4828,4.99
4396,170.8029,-36.1647,5.00
4399,170.9812,10.5292,3.94
4402,171.1525,-10.8594,4.83
4405,171.2204,-17.6839,4.08
4418,171.9842,2.8561,4.95
4432,172.5788,-3.0036,4.77
4434,172.8508,69.3311,3.84
4450,173.2504,-31.8578,3.54
4460,173.6904,-54.2642,4.62
4467,173.9450,-63.0197,3.13
4468,174.1704,-9.8022,4.70
4471,174.2371,-0.8239,4.30
4494,175.0533,-34.7447,4.70
4499,175.2233,-62.0900,4.94
4514,176.1908,-18.3508,4.73
4515,176.3212,8.2583,4.85
4517,176.4650,6.5294,4.03
4518,176.5125,47.7794,3.71
4520,176.4017,-66.7286,3.64
4522,176.6283,-61.1783,4.11
4523,176.6296,-40.5006,4.91
4527,176.9963,20.2189,4.53
4530,177.0596,-66.8147,4.72
4534,177.2650,14.5719,2.14
4537,177.4213,-63.7883,4.32
4538,177.4858,-70.2258,4.97
4540,177.6738,1.7647,3.61
4546,177.7862,-45.1736,4.46
4549,177.9633,-65.2061,4.90
4552,178.2275,-33.9081,4.28
4554,178.4575,53.6947,2.44
4583,179.9054,-78.2219,4.91
4589,180.2183,6.6142,4.66
4599,180.7562,-63.3128,4.33
4603,181.0800,-63.1656,4.72
4608,181.3021,8.7331,4.12
4616,181.7204,-64.6136,4.15
4618,182.0217,-50.6614,4.47
4621,182.0896,-50.7225,2.60
4623,182.1033,-24.7289,4.02
4630,182.5312,-22.6197,3.00
4638,182.9129,-52.3686,3.96
4656,183.7862,-58.7489,2.80
4660,183.8567,57.0325,3.31
4662,183.9517,-17.5419,2.59
4667,184.0854,23.9453,4.95
4668,184.1254,33.0614,5.00
4671,184.3921,-67.9608,4.11
4674,184.5863,-79.3122,4.26
4679,184.6088,-64.0031,4.04
4682,184.7488,-55.1431,5.00
4689,184.9767,-0.6669,3.89
4695,185.0875,3.3125,4.96
4697,185.1792,17.7928,4.74
4700,185.3400,-60.4011,3.59
4707,185.6263,25.8461,4.81
4716,186.0062,51.5622,4.80
4729,186.6288,-63.1225,4.86
4730,186.6496,-63.0992,1.33
4731,186.6521,-63.0994,1.73
4732,186.6317,-51.4508,4.82
4733,186.6004,27.2683,4.95
4737,186.7346,28.2683,4.36
4738,186.7471,26.8256,5.00
4743,187.0100,-50.2306,3.91
4757,187.4663,-16.5156,2.95
4763,187.7913,-57.1133,1.63
4765,187.5279,69.2011,4.95
4773,188.1167,-72.1331,3.87
4775,188.0175,-16.1961,4.31
4785,188.4354,41.3575,4.26
4786,188.5967,-23.3967,2.65
4787,188.3708,69.7883,3.87
4789,188.7129,22.6292,4.81
4795,188.6833,70.0219,4.94
4798,189.2958,-69.1356,2.69
4802,189.4258,-48.5411,3.86
4813,189.8117,-7.9956,4.66
4817,189.9688,-39.9875,4.64
4819,190.3792,-48.9597,2.17
4823,190.4858,-59.6858,4.93
4825,190.4150,-1.4494,3.65
4826,190.4150,-1.4494,3.68
4828,190.4712,10.2356,4.88
4831,190.6475,-48.8131,4.66
4842,191.4079,-60.9811,4.69
4844,191.5704,-68.1081,3.05
4846,191.2825,45.4403,4.99
4848,191.5946,-56.4889,4.65
4853,191.9300,-59.6886,1.25
4874,192.6717,-33.9994,4.91
4883,192.9246,27.5406,4.94
4888,193.2788,-48.9433,4.33
4889,193.3592,-40.1789,4.27
4894,193.3242,21.2450,4.90
4897,193.6633,-59.1467,4.62
4898,193.6483,-57.1778,4.03
4902,193.5883,-9.5389,4.79
4905,193.5071,55.9597,1.77
4910,193.9008,3.3975,3.38
4915,194.0071,38.3183,2.90
4920,194.7308,17.4094,4.78
4923,195.5675,-71.5489,3.62
4924,195.0687,30.7850,4.90
4931,195.1825,56.3664,4.93
4932,195.5442,10.9592,2.83
4933,195.8883,-49.5272,4.85
4940,196.5696,-48.4636,4.71
4942,196.7275,-49.9061,4.27
4954,196.7946,27.6247,4.80
4958,197.2638,-23.1181,4.95
4963,197.4875,-5.5389,4.38
4975,198.0725,-59.9208,4.60
4979,198.0133,-37.8031,4.85
4983,197.9683,27.8781,4.26
4989,198.5617,-59.1033,4.92
4993,198.8121,-67.8944,4.80
4997,198.4292,40.1528,4.92
5002,199.3042,-66.7836,4.87
5015,199.4013,5.4697,4.80
5017,199.3854,40.5725,4.73
5019,199.6013,-18.3114,4.74
5020,199.7304,-23.1717,3.00
5028,200.1492,-36.7122,2.75
5035,200.6579,-60.9883,4.53
5041,201.0021,-64.5358,4.53
5054,200.9812,54.9253,2.27
5055,200.9850,54.9217,3.95
5056,201.2983,-11.1614,0.98
5062,201.3063,54.9881,4.01
5068,201.8633,-15.9736,4.76
5072,202.1075,13.7789,4.98
5080,202.4283,-23.2814,4.97
5089,202.7613,-39.4075,3.88
5095,202.9913,-6.2558,4.69
5105,203.5329,3.6589,4.94
5107,203.6733,-0.5958,3.37
5110,203.6992,37.1825,4.98
5112,203.6137,49.0161,4.70
5127,204.3650,36.2950,4.82
5132,204.9717,-53.4664,2.30
5154,205.1846,54.6817,4.66
5168,206.4217,-33.0439,4.23
5172,206.6638,-51.4328,4.65
5185,206.8154,17.4567,4.50
5190,207.3762,-41.6878,3.41
5191,206.8850,49.3133,1.86
5192,207.3612,-34.4508,4.19
5193,207.4042,-42.4739,3.04
5196,207.4679,-18.1342,4.97
5200,207.3692,15.7978,4.07
5201,207.4283,21.2642,4.91
5210,207.9567,-32.9944,4.56
5219,207.9479,34.4442,4.74
5221,208.3021,-31.9278,4.73
5226,207.8579,64.7233,4.65
5231,208.8850,-47.2883,2.55
5235,208.6713,18.3978,2.68
5241,209.4121,-63.6867,4.71
5248,209.5679,-42.1008,3.83
5249,209.6700,-44.8036,3.87
5260,210.4308,-45.6036,4.34
5264,210.4117,1.5444,4.26
5267,210.9558,-60.3731,0.61
5285,211.5117,-41.1797,4.36
5287,211.5929,-26.6825,3.27
5288,211.6708,-36.3700,2.06
5291,211.0971,64.3758,3.65
5297,212.4783,-53.4392,4.75
5301,212.7104,-16.3019,4.91
5303,214.5575,-81.0078,4.91
5304,212.5996,25.0917,4.83
5315,213.2242,-10.2736,4.19
5321,212.2121,77.5475,4.82
5329,213.3708,51.7903,4.54
5338,214.0037,-6.0006,4.08
5339,216.7287,-83.6678,4.32
5340,213.9154,19.1825,-0.04
5350,214.0413,51.3672,4.75
5351,214.0958,46.0883,4.18
5354,214.8508,-46.0578,3.55
5358,215.0813,-56.3867,4.33
5359,214.7775,-13.3711,4.52
5361,214.4992,35.5094,4.81
5364,215.1771,-45.1872,4.77
5367,215.1392,-37.8853,4.05
5370,214.9383,16.3069,4.86
5371,215.6542,-58.4594,4.92
5378,215.7592,-39.5122,4.42
5381,215.7742,-27.7539,4.77
5395,216.5342,-45.2214,4.56
5396,216.5450,-45.3794,4.35
5404,216.2992,51.8508,4.05
5407,217.0433,-29.4917,4.97
5409,217.0504,-2.2281,4.81
5425,218.1537,-50.4569,4.42
5429,217.9575,30.3714,3.58
5430,216.8812,75.6961,4.25
5435,218.0196,38.3083,3.03
5440,218.8767,-42.1578,2.31
5447,218.6700,29.7450,4.46
5453,219.4717,-49.4258,4.05
5459,219.8996,-60.8353,-0.01
5460,219.9004,-60.8356,1.33
5463,220.6267,-64.9753,3.19
5469,220.4825,-47.3883,2.30
5470,221.9650,-79.0447,3.83
5471,220.4900,-37.7936,4.00
5475,220.1817,16.4183,4.94
5477,220.2871,13.7283,4.83
5478,220.2871,13.7283,4.43
5480,220.4117,8.1617,4.86
5485,220.9142,-35.1736,4.05
5487,220.7650,-5.6583,3.88
5489,221.2467,-35.1919,4.92
5490,220.8558,26.5278,4.81
5497,221.5004,-25.4431,4.94
5502,221.3104,16.9644,4.60
5506,221.2467,27.0742,2.70
5511,221.5621,1.8928,3.72
5526,222.5721,-27.9603,4.41
5528,222.9100,-43.5756,4.32
5531,222.7196,-16.0417,2.75
5535,222.7542,-2.2992,4.94
5544,222.8471,19.1011,4.55
5563,222.6763,74.1556,2.08
5570,224.2958,-4.3464,4.49
5571,224.6329,-43.1339,2.68
5576,224.7904,-42.1042,3.13
5586,225.2433,-8.5189,4.92
5589,224.3958,65.9325,4.60
5600,225.5271,25.0081,4.81
5601,225.7250,2.0914,4.40
5602,225.4867,40.3906,3.50
5603,226.0175,-25.2819,3.29
5605,226.2800,-47.0511,4.72
5606,226.2800,-47.0511,4.82
5616,226.1112,26.9475,4.54
5618,225.9475,47.6544,4.76
5626,227.2108,-45.2797,4.05
5634,226.8254,24.8692,4.93
5646,227.9838,-48.7378,3.87
5649,228.0712,-52.0992,3.41
5651,228.2062,-44.5006,4.82
5652,228.0554,-19.7917,4.54
5660,228.6554,-31.5192,4.91
5666,229.4121,-63.6106,4.86
5670,229.3783,-58.8011,4.07
5671,229.7275,-68.6794,2.89
5681,228.8758,33.3147,3.47
5683,229.6333,-47.8750,4.27
5685,229.2517,-9.3831,2.61
5686,229.4579,-30.1489,4.34
5695,230.3429,-40.6475,3.22
5698,230.5346,-47.9278,5.00
5704,230.8446,-59.3208,4.51
5705,230.4517,-36.2614,3.56
5708,230.6704,-44.6894,3.37
5712,230.7892,-36.8586,4.54
5723,231.0496,-10.3222,4.94
5724,231.3342,-38.7336,4.60
5733,231.1225,37.3772,4.31
5735,230.1821,71.8339,3.05
5744,231.2325,58.9661,3.29
5747,231.9571,29.1058,3.68
5771,234.1800,-66.3169,4.11
5776,233.7854,-41.1669,2.78
5777,233.5446,-10.0644,4.62
5778,233.2325,31.3592,4.14
5781,233.9717,-44.9586,4.54
5787,233.8817,-14.7894,3.91
5788,233.7004,10.5375,3.80
5789,233.7004,10.5392,3.80
5793,233.6721,26.7147,2.23
5794,234.2562,-28.1350,3.58
5797,234.5133,-42.5675,4.33
5812,234.6642,-29.7778,3.66
5820,234.9417,-34.4119,4.67
5824,235.0704,-23.8181,4.96
5825,235.2971,-44.6611,4.64
5826,232.8538,77.3494,4.96
5838,235.4867,-19.6789,4.74
5839,235.6708,-34.7106,4.75
5842,235.3879,19.6703,4.52
5849,235.6858,26.2956,3.84
5854,236.0671,6.4256,2.65
5867,236.5471,15.4219,3.67
5868,236.6108,7.3531,4.43
5879,237.1850,18.1417,4.09
5881,237.4050,-3.4303,3.53
5883,237.7396,-33.6272,3.95
5885,237.7446,-25.7514,4.64
5889,237.3988,26.0683,4.63
5892,237.7042,4.4778,3.71
5897,238.7854,-63.4306,2.85
5899,237.8162,20.9778,4.76
5901,237.8079,35.6575,4.82
5903,236.0146,77.7944,4.32
5904,238.4029,-25.3272,4.59
5908,238.4562,-16.7294,4.15
5914,238.1688,42.4517,4.62
5928,239.2212,-29.2142,3.88
5933,239.1133,15.6617,3.85
5941,239.5475,-14.2794,4.88
5943,239.8762,-41.7444,4.99
5944,239.7129,-26.1142,2.89
5947,239.3971,26.8778,4.15
5948,240.0304,-38.3969,3.41
5953,240.0833,-22.6217,2.32
5958,239.8758,25.9203,2.00
5960,239.4475,54.7497,4.95
5961,240.8829,-57.7753,4.63
5962,240.8038,-49.2297,4.65
5967,240.8508,-38.6025,4.89
5969,240.8358,-25.8653,5.00
5971,240.3608,29.8511,4.99
5972,240.5738,22.8044,4.83
5978,241.0921,-11.3731,4.77
5980,241.6225,-45.1733,4.72
5982,240.6996,46.0367,4.76
5984,241.3592,-19.8056,2.62
5985,241.3604,-19.8019,4.92
5986,240.4721,58.5653,4.01
5987,241.6479,-36.8022,4.23
5993,241.7017,-20.6692,3.96
5997,241.8513,-20.8686,4.32
6008,242.0187,17.0469,5.00
6018,242.2429,36.4908,4.76
6020,245.0867,-78.6958,4.68
6023,242.1925,44.9350,4.26
6024,243.3696,-54.6306,4.94
6027,242.9988,-19.4606,4.01
6028,243.0758,-27.9264,4.59
6030,243.8596,-63.6856,3.85
6031,243.0000,-10.0642,4.94
6056,243.5863,-3.6944,2.74
6058,244.2538,-50.0683,4.99
6070,244.5746,-28.6139,4.78
6072,244.9600,-50.1556,4.02
6075,244.5804,-4.6925,3.24
6081,245.1592,-24.1694,4.55
6084,245.2971,-25.5928,2.89
6092,244.9350,46.3133,3.89
6093,245.5183,1.0292,4.82
6095,245.4800,19.1531,3.75
6098,247.1171,-70.0844,4.91
6102,248.3625,-78.8972,3.89
6103,245.5242,30.8919,4.85
6104,246.0258,-20.0375,4.50
6115,246.7962,-47.5550,4.47
6116,244.3762,75.7553,4.95
6117,246.3542,14.0333,4.57
6118,246.7558,-18.4564,4.42
6129,246.9504,-8.3717,4.63
6132,245.9979,61.5142,2.74
6134,247.3517,-26.4319,0.96
6141,247.5517,-25.1150,4.79
6143,247.8454,-34.7044,4.23
6147,247.7846,-16.6128,4.28
6148,247.5550,21.4897,2.77
6149,247.7283,1.9839,3.82
6153,248.0342,-21.4664,4.45
6155,248.5208,-44.0453,4.94
6159,248.1513,11.4881,4.84
6161,246.9958,68.7681,5.00
6163,250.7692,-77.5175,4.24
6165,248.9708,-28.2161,2.82
6166,249.0938,-35.2556,4.16
6168,248.5258,42.4369,4.20
6175,249.2896,-10.5672,2.56
6196,250.3933,-17.7422,4.96
6200,249.6871,48.9283,4.90
6212,250.3217,31.6031,2.81
6217,252.1662,-69.0278,1.92
6220,250.7242,38.9222,3.53
6223,250.2296,64.5892,4.83
6229,252.4463,-59.0414,3.76
6237,251.3242,56.7819,4.85
6241,252.5408,-34.2933,2.29
6243,252.4583,-10.7831,4.65
6247,252.9675,-38.0475,3.08
6252,253.0838,-38.0175,3.57
6254,252.3092,45.9833,4.82
6262,253.4988,-42.3622,4.73
6271,253.6458,-42.3614,3.62
6281,253.5021,10.1653,4.38
6285,254.6550,-55.9903,3.13
6295,254.8963,-53.1606,4.06
6299,254.4171,9.3750,3.20
6315,254.0071,65.1347,4.89
6318,255.2650,-4.2225,4.82
6322,251.4921,82.0372,4.23
6324,255.0725,30.9264,3.92
6334,256.2058,-34.1228,4.87
6337,255.7825,14.0919,4.98
6355,256.3446,12.7408,4.91
6378,257.5946,-15.7247,2.43
6380,258.0383,-43.2392,3.33
6396,257.1967,65.7147,3.17
6406,258.6621,14.3903,3.48
6410,258.7579,24.8392,3.14
6415,259.1529,-0.4453,4.73
6417,260.4975,-67.7706,4.78
6418,258.7617,36.8092,3.16
6431,259.3313,33.1000,4.82
6436,259.4179,37.2917,4.65
6445,260.2508,-21.1128,4.39
6446,260.2071,-12.8469,4.33
6452,260.0788,18.0572,5.00
6453,260.5025,-24.9994,3.27
6461,261.3250,-55.5300,2.85
6462,261.3483,-56.3775,3.34
6485,260.9208,37.1458,4.52
6486,261.5925,-24.1753,4.17
6492,261.8388,-29.8669,4.29
6493,261.6579,-5.0867,4.54
6498,261.6288,4.1403,4.34
6500,262.7746,-60.6839,3.62
6508,262.6908,-37.2958,2.69
6510,262.9604,-49.8761,2.95
6519,262.8542,-23.9628,4.81
6526,262.6846,26.1106,4.41
6527,263.4021,-37.1039,1.63
6536,262.6083,52.3014,2.79
6537,263.9150,-46.5056,4.59
6546,264.1367,-38.6353,4.29
6553,264.3300,-42.9978,1.87
6554,263.0442,55.1842,4.88
6555,263.0667,55.1731,4.87
6556,263.7337,12.5600,2.08
6561,264.3967,-15.3986,3.54
6567,264.4613,-8.1189,4.62
6569,265.0983,-49.4156,4.77
6580,265.6221,-39.0300,2.41
6581,265.3537,-12.8753,4.26
6582,266.4333,-64.7239,3.62
6588,264.8662,46.0064,3.80
6595,265.8575,-21.6833,4.87
6596,264.2379,68.7581,4.80
6603,265.8683,4.5672,2.77
6615,266.8963,-40.1269,3.03
6616,266.8900,-27.8308,4.54
6623,266.6146,27.7206,3.42
6628,267.2937,-31.7033,4.83
6629,266.9733,2.7072,3.75
6630,267.4646,-37.0433,3.21
6631,267.5467,-40.0906,4.81
6636,265.4846,72.1489,4.58
6675,269.1975,-44.3422,4.86
6682,269.4487,-41.7161,4.88
6688,268.3821,56.8728,3.75
6695,269.0633,37.2506,3.86
6698,269.7567,-9.7736,3.34
6700,269.9483,-23.8161,4.76
6703,269.4412,29.2478,3.70
6705,269.1517,51.4889,2.23
6707,269.6258,30.1894,4.41
6710,270.1208,-3.6903,4.62
6712,270.0658,4.3686,4.64
6713,270.0142,16.7508,4.67
6714,270.1612,2.9317,3.97
6723,270.4383,1.3053,4.45
6730,270.3767,21.5956,4.96
6742,271.2554,-29.5800,4.69
6743,271.6579,-50.0917,3.66
6745,272.1450,-63.6683,4.35
6746,271.4521,-30.4242,2.99
6752,271.3637,2.4994,4.03
6766,272.0208,-28.4572,4.57
6770,271.8267,8.7339,4.64
6771,271.8375,9.5639,3.73
6779,271.8858,28.7625,3.83
6783,272.8075,-45.9544,4.53
6787,272.1896,20.8144,4.36
6789,263.0538,86.5864,4.36
6791,271.8700,43.4617,5.00
6801,272.9308,-23.7011,4.98
6812,273.4408,-21.0589,3.86
6815,272.9758,31.4053,4.97
6832,274.4067,-36.7617,3.11
6842,274.5133,-27.0425,4.65
6855,275.8067,-61.4939,4.36
6859,275.2487,-29.8281,2.70
6866,275.2171,3.3772,4.86
6868,275.0746,21.9614,4.95
6869,275.3275,-2.8989,3.26
6872,274.9654,36.0644,4.33
6879,276.0429,-34.3847,1.85
6884,275.9146,-8.9342,4.68
6895,275.9246,21.7697,3.84
6896,276.3375,-20.5417,4.81
6897,276.7433,-45.9683,3.51
6905,277.2079,-49.0708,4.13
6913,276.9925,-25.4217,2.81
6916,277.8433,-62.2783,4.64
6920,275.1896,71.3378,4.22
6923,275.9771,58.8006,4.98
6927,275.2642,72.7328,3.57
6930,277.2996,-14.5658,4.70
6934,277.9392,-45.9150,4.96
6945,276.4963,65.5636,4.82
6951,278.3758,-42.3125,4.64
6973,278.8017,-8.2442,3.85
6978,278.1438,57.0456,4.77
6982,280.7588,-71.4281,4.01
7001,279.2346,38.7836,0.03
7012,281.3621,-64.8714,4.79
7020,280.5683,-9.0525,4.72
7029,281.0808,-35.6419,4.87
7032,280.8804,-8.2753,4.90
7039,281.4142,-26.9908,3.17
7056,281.1933,37.6050,4.36
7061,281.4154,20.5464,4.19
7063,281.7938,-4.7478,4.22
7064,281.5187,26.6622,4.83
7069,281.7554,18.1814,4.36
7074,283.0542,-62.1875,4.22
7106,282.5200,33.3628,3.45
7107,284.2375,-67.2336,4.44
7116,283.5425,-22.7450,4.83
7120,283.7796,-22.6714,4.99
7121,283.8163,-26.2967,2.02
7125,282.8004,59.3883,4.66
7133,283.6871,22.6450,4.59
7134,284.6154,-52.9386,4.87
7137,283.3067,50.7083,4.92
7139,283.6258,36.8989,4.30
7141,284.0550,4.2036,4.62
7142,284.0608,4.2019,4.98
7149,284.2654,-5.8461,4.83
7150,284.4325,-21.1067,3.51
7152,284.6808,-37.1075,4.87
7157,283.8338,43.9461,4.04
7176,284.9058,15.0683,4.02
7178,284.7358,32.6894,3.24
7180,283.5996,71.2972,4.82
7188,285.7788,-42.0953,4.75
7192,285.0038,32.1456,4.93
7193,285.4200,-5.7389,4.02
7194,285.6529,-29.8803,2.60
7217,286.1708,-21.7417,3.77
7226,286.6046,-37.0633,4.93
7227,286.6046,-37.0633,4.99
7234,286.7350,-27.6706,3.32
7235,286.3525,13.8633,2.99
7236,286.5621,-4.8825,3.44
7242,287.0871,-40.4967,4.59
7254,287.3679,-37.9044,4.11
7259,287.5071,-39.3408,4.11
7264,287.4408,-21.0236,2.89
7292,288.8850,-25.2567,4.85
7298,288.4396,39.1461,4.39
7304,289.4087,-18.9531,4.96
7306,289.0542,21.3903,4.77
7309,288.4800,57.7050,4.99
7310,288.1388,67.6617,3.07
7314,289.0921,38.1336,4.36
7328,289.2758,53.3686,3.77
7337,290.6596,-44.4589,4.01
7340,290.4183,-17.8472,3.93
7342,290.4317,-15.9550,4.61
7343,290.8050,-44.7997,4.29
7348,290.9717,-40.6161,3.97
7352,288.8875,73.3556,4.45
7371,290.1671,65.7147,4.59
7372,291.0317,29.6214,4.97
7377,291.3746,3.1147,3.36
7387,291.6296,0.3386,4.66
7405,292.1762,24.6650,4.44
7417,292.6804,27.9597,3.08
7420,292.4262,51.7297,3.79
7424,293.8042,-48.0992,4.90
7426,292.9429,34.4531,4.74
7429,293.5225,7.3789,4.45
7437,293.6454,19.7733,5.00
7440,294.1767,-24.8836,4.60
7446,294.2229,-7.0275,4.95
7447,294.1804,-1.2864,4.36
7462,293.0900,69.6611,4.68
7469,294.1104,50.2211,4.48
7478,294.8442,30.1533,4.69
7479,295.0242,18.0139,4.37
7488,295.2621,17.4761,4.37
7515,296.5904,-19.7611,4.86
7517,296.0692,37.3544,4.89
7525,296.5650,10.6133,2.72
7528,296.2437,45.1308,2.87
7534,296.6067,33.7278,4.99
7536,296.8471,18.5342,3.82
7546,297.2446,19.1422,5.00
7557,297.6958,8.8683,0.77
7564,297.6412,32.9142,4.23
7565,297.7671,22.6100,4.95
7570,298.1183,1.0056,3.90
7581,298.8154,-41.8683,4.13
7582,297.0433,70.2678,3.83
7590,300.1479,-72.9106,3.96
7592,298.3654,24.0797,4.58
7595,298.5621,8.4614,4.71
7597,298.9600,-26.2994,4.70
7602,298.8283,6.4067,3.71
7604,299.2367,-27.1700,4.52
7613,298.9654,38.4867,4.94
7615,299.0767,35.0833,3.89
7618,299.7383,-26.1956,4.83
7619,298.9075,52.4389,4.92
7623,299.9342,-35.2764,4.37
7633,298.9808,58.8461,4.96
7635,299.6892,19.4922,3.47
7650,300.6646,-27.7097,4.58
7652,300.8896,-37.9408,4.77
7653,300.2754,27.7536,4.64
7659,301.0817,-32.0564,4.99
7665,302.1817,-66.1819,3.56
7673,301.8467,-52.8808,4.94
7685,300.7046,67.8736,4.51
7708,302.3567,36.8397,4.93
7710,302.8263,-0.8214,3.23
7724,303.5692,15.1975,4.95
7730,303.3250,46.8158,4.83
7735,303.4079,46.7414,3.79
7736,303.6333,36.8064,4.97
7739,303.8163,25.5919,4.78
7740,303.3496,56.5678,4.30
7744,303.9421,27.8142,4.52
7747,304.4121,-12.5083,4.24
7750,302.2221,77.7114,4.39
7751,303.8679,47.7144,3.98
7754,304.5137,-12.5447,3.57
7763,304.4467,38.0331,4.81
7773,305.1658,-12.7592,4.76
7776,305.2529,-14.7814,3.08
7790,306.4121,-56.7350,1.94
7796,305.5571,40.2567,2.20
7806,305.9654,32.1900,4.43
7822,307.2150,-17.8136,4.78
7831,307.4125,-2.8856,4.91
7834,307.3487,30.3686,4.01
7844,307.5146,48.9517,4.95
7848,308.8950,-60.5817,4.76
7850,307.3954,62.9942,4.22
7852,308.3033,11.3033,4.03
7859,309.3971,-61.5300,4.88
7866,308.4758,35.2508,4.61
7869,309.3917,-47.2914,3.11
7871,308.8271,14.6742,4.68
7873,309.1817,-2.5500,4.89
7882,309.3875,14.5953,3.63
7884,309.5846,-1.1053,4.32
7891,309.6304,21.2011,4.82
7906,309.9096,15.9119,3.77
7913,311.2396,-66.2031,3.42
7920,311.0096,-51.9211,4.51
7924,310.3579,45.2803,1.25
7928,310.8646,15.0744,4.43
7936,311.5237,-25.2708,4.14
7939,311.2188,25.2706,4.91
7942,311.4154,30.7197,4.22
7948,311.6646,16.1242,4.27
7949,311.5529,33.9703,2.46
7950,311.9192,-9.4958,3.77
7951,311.9342,-5.0278,4.42
7952,312.3708,-46.2269,4.89
7955,311.3379,57.5797,4.51
7956,311.7950,34.3742,4.92
7957,311.3225,61.8389,3.43
7963,311.8521,36.4908,4.53
7965,312.4921,-33.7797,4.90
7977,312.2346,46.1142,4.84
7980,312.9554,-26.9192,4.11
7986,313.7025,-58.4542,3.65
7990,313.1633,-8.9833,4.73
7995,313.0321,27.0969,4.59
8001,313.3117,44.3872,4.78
8028,314.2933,41.1672,3.94
8039,315.3229,-32.2578,4.67
8047,314.9567,47.5211,4.74
8060,316.1012,-19.8550,4.84
8075,316.4867,-17.2328,4.07
8079,316.2329,43.9278,3.72
8080,316.7821,-25.0058,4.50
8089,316.6504,47.6483,4.55
8093,317.3987,-11.3717,4.51
8097,317.5854,10.1317,4.69
8115,318.2342,30.2269,3.20
8123,318.6204,10.0069,4.49
8130,318.6979,38.0456,3.72
8131,318.9558,5.2478,3.92
8135,319.4846,-32.1725,4.71
8140,319.9667,-53.4497,4.39
8143,319.3542,39.3947,4.23
8146,319.4796,34.8969,4.43
8151,320.1900,-40.8097,4.82
8154,319.6133,43.9458,5.00
8162,319.6450,62.5856,2.44
8167,320.5617,-16.8344,4.28
8173,320.5217,19.8044,4.08
8181,321.6108,-65.3661,4.22
8204,321.6667,-22.4114,3.74
8213,322.1808,-21.8072,4.51
8225,322.4871,23.6389,4.57
8232,322.8896,-5.5711,2.91
8238,322.1650,70.5608,3.23
8252,323.4954,45.5919,4.02
8254,325.3687,-77.3900,3.76
8255,323.6942,38.5342,4.90
8260,324.2700,-19.4661,4.68
8264,324.4379,-7.8542,4.69
8278,325.0229,-16.6622,3.68
8279,324.4800,62.0819,4.73
8288,325.6646,-18.8664,4.73
8301,325.5237,51.1897,4.67
8305,326.2367,-33.0258,4.34
8308,326.0467,9.8750,2.39
8309,326.0358,28.7428,4.73
8313,326.1279,17.3500,4.34
8315,326.1613,25.6450,4.13
8316,325.8767,58.7800,4.08
8317,325.4804,71.3114,4.56
8322,326.7600,-16.1272,2.87
8334,326.3621,61.1208,4.29
8335,326.6983,49.3094,4.23
8353,328.4821,-37.3650,3.01
8368,329.4796,-54.9925,4.40
8383,329.1629,63.6256,4.91
8387,330.8400,-56.7861,4.69
8402,330.8288,-2.1553,4.69
8411,331.5288,-39.5433,4.46
8413,331.4200,5.0586,4.84
8414,331.4458,-0.3197,2.96
8417,330.9475,64.6278,4.29
8418,331.6092,-13.8697,4.27
8425,332.0583,-46.9611,1.74
8430,331.7529,25.3450,3.76
8431,332.0958,-32.9886,4.50
8433,332.1083,-34.0439,4.99
8447,332.5367,-32.5483,4.92
8450,332.5500,6.1978,3.53
8454,332.4967,33.1783,4.29
8465,332.7138,58.2011,3.35
8468,332.4517,72.3411,4.79
8485,333.4696,39.7150,4.49
8486,333.9038,-41.3467,4.79
8494,333.7583,57.0436,4.19
8498,333.9925,37.7489,4.13
8499,334.2083,-7.7833,4.16
8502,334.6254,-60.2597,2.86
8518,335.4142,-1.3872,3.84
8522,335.3304,28.3306,4.81
8523,335.2567,46.5367,4.57
8538,335.8900,52.2292,4.43
8539,336.3192,1.3775,4.66
8540,336.8333,-64.9664,4.48
8541,336.1292,49.4764,4.57
8551,336.9646,4.6956,4.79
8556,337.3175,-43.4956,3.97
8558,337.2071,-0.0203,4.59
8559,337.2087,-0.0200,4.42
8560,337.4396,-43.7494,4.11
8571,337.2929,58.4153,3.75
8572,337.3825,47.7069,4.36
8573,337.6617,-10.6781,4.82
8576,337.8762,-32.3461,4.29
8579,337.6221,43.1233,4.51
8582,338.2504,-61.9822,4.81
8585,337.8229,50.2825,3.77
8597,338.8392,-0.1175,4.02
8613,339.3433,51.5453,4.63
8622,339.8154,39.0503,4.88
8628,340.1642,-27.0436,4.17
8630,341.5137,-81.3817,4.15
8632,340.1288,44.2764,4.46
8634,340.3654,10.8314,3.40
8636,340.6671,-46.8847,2.10
8641,340.4392,29.3075,4.79
8644,340.8750,-41.4144,4.85
8649,340.8971,-18.8303,4.69
8650,340.7504,30.2214,2.94
8655,341.4079,-53.5003,4.85
8665,341.6733,12.1728,4.19
8667,341.6329,23.5656,3.95
8675,342.1388,-51.3169,3.49
8679,342.3979,-13.5925,4.01
8684,342.5008,24.6017,3.48
8694,342.4200,66.2006,3.52
8695,343.1317,-32.8756,4.46
8698,343.1538,-7.5797,3.74
8699,343.0083,43.3125,4.94
8702,341.8708,83.1539,4.74
8709,343.6625,-15.8208,3.27
8717,343.8071,8.8158,4.90
8720,343.9871,-32.5397,4.21
8726,344.1083,49.7336,4.95
8728,344.4129,-29.6222,1.16
8747,345.2200,-52.7542,4.12
8748,343.6033,84.3461,4.71
8752,345.0213,56.9453,5.00
8762,345.4804,42.3261,3.62
8773,345.9692,3.8200,4.53
8775,345.9438,28.0828,2.42
8780,346.0458,50.0522,4.65
8781,346.1904,15.2053,2.49
8787,346.7200,-43.5206,4.28
8789,346.6704,-23.7431,4.47
8795,346.7512,9.4094,4.52
8796,346.7783,25.4683,4.76
8797,346.6538,59.4197,4.85
8812,347.3617,-21.1725,3.66
8817,347.4783,-22.4575,4.69
8819,346.9746,75.3875,4.41
8820,347.5900,-45.2467,3.90
8830,348.1375,49.4064,4.52
8834,348.5808,-6.0489,4.22
8841,348.9729,-9.0878,4.21
8848,349.3575,-58.2358,3.99
8852,349.2912,3.2822,3.69
8858,349.4758,-9.1825,4.39
8860,349.4363,49.0153,4.85
8863,349.7058,-32.5319,4.41
8865,349.7404,-9.6108,4.98
8872,349.6562,68.1117,4.75
8880,350.1592,23.7403,4.60
8892,350.7425,-20.1006,3.97
8904,351.2096,62.2828,4.98
8905,351.3450,23.4042,4.40
8906,351.5117,-20.6419,4.39
8911,351.7333,1.2556,4.94
8916,351.9921,6.3789,4.28
8923,352.2888,12.7606,4.55
8926,352.5083,58.5489,4.91
8937,353.2429,-37.8183,4.37
8939,353.3192,-20.9144,4.71
8943,353.4883,31.3253,4.98
8949,353.7692,-42.6150,4.71
8959,354.4625,-45.4925,4.74
8961,354.3913,46.4581,3.82
8965,354.5342,43.2681,4.29
8968,354.9462,-14.2217,5.00
8969,354.9875,5.6264,4.13
8974,354.8367,77.6325,3.21
8976,355.1021,44.3339,4.14
8982,355.4408,-17.8164,4.82
8984,355.5117,1.7800,4.50
8988,355.6804,-14.5450,4.49
8997,355.9979,29.3617,4.93
9003,356.5088,46.4203,4.95
9008,356.7646,58.6519,4.87
9016,357.2317,-28.1303,4.57
9045,358.5958,57.4994,4.54
9062,359.3967,-64.2983,5.00
9064,359.4396,25.1414,4.66
9066,359.6033,51.3886,4.80
9067,359.6683,-3.5561,4.86
9071,359.7521,55.7550,4.88
9072,359.8279,6.8633,4.01
9076,359.9792,-65.5772,4.50
9084,0.3987,-77.0658,4.78
9089,0.4900,-6.0142,4.41
9098,0.9350,-17.3361,4.55
9103,1.1254,-10.5094,4.94
